state,side,latitude,longitude,type,year.dedicated,year.removed,status
GA,South,33.576876,-83.182318,Building,1898,,Active
GA,South,32.75951,-84.8758,Building,1910,,Active
GA,South,34.352693,-82.932627,Building,1908,,Active
GA,South,32.283208,-83.469121,Building,1908,,Active
GA,South,31.862146,-82.599751,Building,1905,,Active
FL,South,26.628217,-81.8736,Buildings,1916,,Active
GA,South,33.956032,-83.37613,Buildings,1901,,Active
GA,South,33.953258,-83.376149,Buildings,1932,,Active
GA,South,33.964006,-83.404004,Buildings,1903,,Active
LA,South,30.418124,-91.181649,Buildings,1965,,Active
LA,South,29.790724,-90.802683,Buildings,1961,,Active
MS,South,33.518833,-90.185533,Buildings,1915,,Active
NC,South,36.077213,-79.099694,Buildings,1934,2015,Removed
NY,South,41.389342,-73.956536,Buildings,1962,,Active
SC,South,33.999524,-81.032337,Buildings,1940,,Active
TN,South,35.848945,-86.366051,Buildings,1958,,Active
TN,South,36.140591,-86.797719,Buildings,1935,2016,Removed
VA,South,38.786635,-77.50811,Buildings,1969,,Active
AL,South,32.840129,-86.629666,County,1874,,Active
AL,South,32.839569,-86.629694,City,1868,,Active
AL,South,32.703748,-87.592427,County,1867,,Active
AL,South,33.64449,-85.5842,County,1866,,Active
AL,South,32.646046,-85.379469,County,1866,,Active
AL,South,32.145335,-85.716127,County,1866,,Active
AR,South,35.012199,-90.785838,City,1870,,Active
AR,South,34.774406,-90.766543,County,1873,,Active
CA,North,39.445678,-123.804564,City,1889,,Active
FL,South,28.321701,-82.421127,County,1887,,Active
FL,South,26.636122,-81.84703,County,1887,,Active
FL,South,26.593428,-81.133832,County,1923,,Active
FL,South,30.354133,-82.273578,County,1861,,Active
FL,South,29.961379,-82.15007,County,1861,,Active
GA,South,31.141909,-83.427641,County,1918,,Active
GA,South,32.146318,-82.780053,County,1912,,Active
GA,South,34.16066,-84.796279,County,1861,,Active
GA,South,32.1232,-82.328449,County,1905,,Active
GA,South,34.551344,-83.281402,County,1905,,Active
ID,Not a State,45.223837,-114.114179,City,1866,,Active
KY,Border,37.600145,-83.709152,County,1870,,Active
LA,South,30.659166,-93.349686,County,1913,,Active
LA,South,30.275552,-92.7885,County,1912,,Active
LA,South,32.27339,-93.816932,City,1862,,Active
MS,South,34.811985,-89.186431,County,1870,,Active
MS,South,31.327125,-89.291282,County,1908,,Active
MS,South,31.598018,-89.867677,County,1906,,Active
MS,South,32.13502,-88.788992,City,1868,,Active
MS,South,34.258739,-88.704962,County,1866,,Active
NC,South,34.550681,-77.925825,County,1875,,Active
NC,South,36.329358,-78.401723,County,1881,,Active
NC,South,35.017641,-79.22364,County,1911,,Active
NC,South,35.490451,-79.172289,County,1907,,Active
OK,Not a State,34.646348,-99.310154,County,1907,,Active
OK,Not a State,34.652564,-96.526218,City,1874,,Active
SC,South,34.218251,-80.248205,County,1902,,Active
SC,South,32.865896,-81.109042,County,1878,,Active
SC,South,34.547593,-80.58175,City,1888,,Active
SC,South,33.61508,-81.103514,City,1891,,Active
TX,South,33.139846,-100.228127,County,1888,,Active
TX,South,31.19284,-101.460548,County,1903,,Active
TX,South,32.755936,-98.90525,City,1876,,Active
TX,South,32.755819,-98.904515,County,1861,,Active
TX,South,33.178608,-102.280566,County,1904,,Active
TX,South,35.912797,-100.383172,County,1877,,Active
TX,South,34.979261,-101.928201,County,1889,,Active
TX,South,32.34771,-97.383872,City,1871,,Active
TX,South,32.344706,-97.389435,County,1867,,Active
TX,South,33.983421,-99.724466,County,1891,,Active
TX,South,30.588425,-103.894918,County,1887,,Active
TX,South,30.181344,-96.937972,County,1874,,Active
TX,South,32.443815,-97.78841,City,1887,,Active
TX,South,32.442643,-97.78711,County,1866,,Active
TX,South,31.846787,-96.795223,City,1881,,Active
TX,South,31.857165,-103.093679,County,1910,,Active
TX,South,32.496805,-94.738658,County,1873,,Active
TX,South,33.584999,-101.844932,County,1876,,Active
TX,South,35.692658,-100.635389,County,1889,,Active
TX,South,31.847375,-102.368211,County,1891,,Active
TX,South,35.535538,-100.963077,County,1902,,Active
TX,South,31.424172,-103.494257,County,1884,,Active
TX,South,36.394837,-100.802148,County,1889,,Active
TX,South,31.226344,-101.937492,County,1910,,Active
TX,South,31.462372,-100.439351,County,1875,,Active
TX,South,30.143214,-102.394958,County,1905,,Active
TX,South,32.71654,-100.91784,County,1884,,Active
TX,South,30.570778,-100.646673,County,1890,,Active
TX,South,30.235595,-98.657204,City,1870,,Active
TX,South,35.246476,-102.427732,County,1881,,Active
VA,South,36.636541,-80.26945,City,1884,,Active
VA,South,36.976361,-82.575359,City,1924,,Active
AL,South,34.268061,-86.210379,Courthouse,1996,,Active
AL,South,33.836704,-86.254769,Courthouse,1923,,Active
AL,South,34.80313,-86.971613,Courthouse,1909,,Active
AL,South,32.089505,-88.221657,Courthouse,1937,,Active
AL,South,33.261693,-88.095029,Courthouse,1927,,Active
AL,South,34.152201,-85.678926,Courthouse,1988,,Active
AL,South,32.945272,-87.135436,Courthouse,1910,,Active
AL,South,31.87811,-85.449489,Courthouse,1909,,Active
AL,South,34.606831,-86.985015,Courthouse,1922,,Active
AL,South,33.685178,-87.831207,Courthouse,1929,,Active
AL,South,34.79904,-87.675443,Courthouse,1903,,Active
AL,South,32.703982,-87.59245,Courthouse,1904,,Active
AL,South,34.730297,-86.585074,Courthouse,1905,,Active
AL,South,33.832425,-87.277152,Courthouse,1907,,Active
AL,South,32.582667,-88.1881,Courthouse,1909,,Active
AL,South,34.481358,-87.291843,Courthouse,2006,,Active
AL,South,34.733696,-87.703805,Courthouse,1911,,Active
AR,South,34.118622,-93.051101,Courthouse,1911,,Active
AR,South,35.770531,-91.653179,Courthouse,2004,,Active
AR,South,35.928815,-89.905186,Courthouse,1934,,Active
AR,South,33.584804,-92.830509,Courthouse,1914,,Active
AR,South,35.088536,-92.443327,Courthouse,1925,,Active
AR,South,35.223733,-93.156183,Courthouse,1961,,Active
AR,South,33.21202,-92.663606,Courthouse,1909,,Active
AR,South,35.3861,-94.426079,Courthouse,1903,,Active
AR,South,33.33145,-91.281683,Courthouse,1910,,Active
AR,South,34.786049,-91.899886,Courthouse,1910,,Active
AR,South,35.215675,-90.197066,Courthouse,1936,,Active
AR,South,35.703094,-89.969926,Courthouse,1934,,Active
AR,South,35.250237,-91.737882,Courthouse,1917,,Active
AR,South,35.433967,-94.355548,Courthouse,1899,,Active
FL,South,27.49525,-82.5731,Courthouse,1924,2017,Removed
FL,South,28.555017,-82.387767,Courthouse,1916,,Active
FL,South,30.7214,-86.1115,Courthouse,1871,,Active
FL,South,30.72145,-86.11145,Courthouse,1871,,Active
FL,South,26.642434,-81.8703,Courthouse,1929,,Active
FL,South,30.773817,-85.226067,Courthouse,1881,,Active
FL,South,30.5454,-83.87015,Courthouse,1899,,Active
FL,South,29.188198,-82.139383,Courthouse,1908,2007,Removed
FL,South,29.6471,-81.632767,Courthouse,1956,,Active
FL,South,30.588833,-84.576433,Courthouse,1884,,Active
FL,South,27.949383,-82.454717,Courthouse,1911,2017,Removed
GA,South,31.377942,-84.934375,Courthouse,1861,,Active
GA,South,31.37786,-84.934282,Courthouse,1909,,Active
GA,South,32.557112,-84.237589,Courthouse,1911,,Active
GA,South,34.23515,-84.491017,Courthouse,1923,,Active
GA,South,34.369833,-83.235,Courthouse,1910,,Active
GA,South,33.579783,-85.073217,Courthouse,1910,,Active
GA,South,34.16585,-84.79735,Courthouse,1908,,Active
GA,South,34.01365,-85.255267,Courthouse,1906,,Active
GA,South,34.878733,-83.402767,Courthouse,1999,,Active
GA,South,33.66755,-84.01725,Courthouse,1913,,Active
GA,South,33.596444,-83.859881,Courthouse,1906,,Active
GA,South,33.554467,-82.896633,Courthouse,1898,,Active
GA,South,31.773333,-84.44555,Courthouse,1936,,Active
GA,South,33.744983,-84.730717,Courthouse,1914,,Active
GA,South,32.5387,-82.90805,Courthouse,1912,,Active
GA,South,32.200583,-83.175335,Courthouse,1910,,Active
GA,South,32.237833,-84.308606,Courthouse,1910,,Active
GA,South,33.44845,-84.455,Courthouse,1934,,Active
GA,South,33.034833,-83.938617,Courthouse,1907,,Active
GA,South,33.957151,-83.989243,Courthouse,1990,,Active
GA,South,33.869467,-83.11167,Courthouse,1916,,Active
GA,South,32.050827,-84.794845,Courthouse,1908,,Active
GA,South,33.447462,-84.146895,Courthouse,1910,,Active
GA,South,32.804004,-81.939328,Courthouse,1909,,Active
GA,South,33.794634,-83.712844,Courthouse,1907,,Active
GA,South,31.179116,-83.788609,Courthouse,1909,,Active
GA,South,32.17419,-82.594663,Courthouse,1997,,Active
GA,South,33.37478,-84.799748,Courthouse,1885,,Active
GA,South,33.374835,-84.800293,Courthouse,1956,,Active
GA,South,31.592069,-83.25081,Courthouse,1911,,Active
GA,South,32.29362,-84.060192,Courthouse,1923,,Active
GA,South,32.458065,-83.733716,Courthouse,1908,,Active
GA,South,30.785355,-83.560002,Courthouse,1878,,Active
GA,South,33.2757,-82.976292,Courthouse,1882,,Active
GA,South,32.449104,-81.782989,Courthouse,1909,,Active
GA,South,32.887717,-84.326367,Courthouse,1908,,Active
GA,South,34.579729,-83.330414,Courthouse,1922,,Active
GA,South,30.832189,-83.279378,Courthouse,1911,,Active
GA,South,32.091131,-83.79681,Courthouse,1908,,Active
GA,South,33.406716,-82.662828,Courthouse,1904,,Active
GA,South,32.7296,-82.71945,Courthouse,1941,,Active
KY,Border,38.035475,-84.895535,Courthouse,1894,,Active
KY,Border,38.04746,-84.4978,Courthouse,1911,2017,Removed
KY,Border,36.610406,-88.302304,Courthouse,1917,,Active
KY,Border,37.880833,-84.573333,Courthouse,1896,,Active
KY,Border,37.1088,-87.881883,Courthouse,1912,,Active
LA,South,31.308833,-92.4475,Courthouse,1914,,Active
LA,South,32.679583,-93.744149,Courthouse,1910,,Active
LA,South,29.791169,-91.4999,Courthouse,1913,,Active
LA,South,32.791367,-93.055233,Courthouse,1940,,Active
LA,South,30.226289,-93.218383,Courthouse,1915,,Active
LA,South,30.534087,-92.083011,Courthouse,1920,,Active
LA,South,30.459933,-91.210217,Courthouse,1962,,Active
LA,South,32.512395,-93.750071,Courthouse,1936,,Active
LA,South,32.512305,-93.750024,Courthouse,1906,,Active
LA,South,30.775433,-91.386133,Courthouse,1903,,Active
LA,South,32.407917,-91.187283,Courthouse,1890,,Active
LA,South,31.926271,-92.63907,Courthouse,1926,,Active
MD,Border,39.268527,-76.798425,Courthouse,1948,2017,Removed
MD,Border,39.083277,-77.152394,Courthouse,1913,2017,Removed
MO,Border,37.304985,-89.520074,Courthouse,1931,,Active
MO,Border,38.95315,-92.328989,Courthouse,1935,2015,Removed
MO,Border,39.440617,-92.5451,Courthouse,1976,,Active
MO,Border,39.799134,-91.523266,Courthouse,1907,,Active
MS,South,32.273374,-89.98634,Courthouse,1907,,Active
MS,South,33.970817,-90.369449,Courthouse,1913,,Active
MS,South,33.744383,-90.724067,Courthouse,1908,,Active
MS,South,33.496567,-88.428267,Courthouse,1912,,Active
MS,South,34.934916,-88.519355,Courthouse,1896,,Active
MS,South,31.599939,-89.19978,Courthouse,1912,,Active
MS,South,31.711656,-91.061426,Courthouse,1904,,Active
MS,South,33.407517,-91.053233,Courthouse,1909,,Active
MS,South,33.5206,-90.183983,Courthouse,1913,,Active
MS,South,30.37305,-89.090467,Courthouse,1911,,Active
MS,South,31.859932,-90.396764,Courthouse,1917,,Active
MS,South,34.809083,-88.19,Courthouse,1902,,Active
MS,South,33.058705,-89.592577,Courthouse,1911,,Active
MS,South,31.694451,-89.130972,Courthouse,1912,,Active
MS,South,33.11293,-90.053045,Courthouse,1908,,Active
MS,South,33.106083,-88.560867,Courthouse,1901,,Active
MS,South,32.3651,-88.69905,Courthouse,1912,,Active
MS,South,34.366117,-89.51875,Courthouse,1907,,Active
MS,South,32.771498,-89.110337,Courthouse,1912,,Active
MS,South,34.247683,-88.998367,Courthouse,1919,,Active
MS,South,32.039925,-88.727921,Courthouse,1911,,Active
MS,South,32.26045,-90.4236,Courthouse,1908,,Active
MS,South,34.730701,-88.94855,Courthouse,1911,,Active
MS,South,33.970817,-90.36945,Courthouse,1913,,Active
MS,South,34.25845,-88.705167,Courthouse,1906,,Active
MS,South,31.674733,-88.647383,Courthouse,1911,,Active
NC,South,35.706183,-79.813083,Courthouse,1911,,Active
NC,South,35.59626,-82.54877,Courthouse,1905,,Active
NC,South,36.015511,-82.158191,Courthouse,2011,,Active
NC,South,35.142883,-76.771017,Courthouse,1939,,Active
NC,South,34.55057,-77.92634,Courthouse,1914,,Active
NC,South,35.91722,-82.29906,Courthouse,2009,,Active
NC,South,34.997817,-78.32375,Courthouse,1916,,Active
NC,South,35.9176,-76.252183,Courthouse,1902,,Active
NC,South,36.449767,-76.01595,Courthouse,1922,,Active
NC,South,35.31606,-81.17614,Courthouse,2003,,Active
NC,South,36.40942,-80.20604,Courthouse,1990,,Active
NC,South,36.395467,-80.7234,Courthouse,2000,,Active
NC,South,35.994067,-78.898967,Courthouse,1924,2017,Removed
NC,South,36.300323,-76.222069,Courthouse,1911,,Active
NC,South,35.26646,-81.18229,Courthouse,1912,,Active
NC,South,36.06954,-79.40035,Courthouse,1914,,Active
NC,South,35.61337,-77.37265,Courthouse,1914,,Active
NC,South,36.328717,-78.40255,Courthouse,1910,,Active
NC,South,35.314683,-82.459617,Courthouse,1926,,Active
NC,South,36.18952,-76.46564,Courthouse,1912,,Active
NC,South,34.77589,-79.4605,Courthouse,1912,,Active
NC,South,35.91479,-81.53972,Courthouse,1910,,Active
NC,South,35.47143,-81.25726,Courthouse,1911,,Active
NC,South,36.09877,-78.30099,Courthouse,1923,,Active
NC,South,34.62006,-79.00823,Courthouse,1907,,Active
NC,South,35.720151,-79.177037,Courthouse,1907,,Active
NC,South,36.393743,-78.983867,Courthouse,1931,,Active
NC,South,36.393708,-78.983839,Courthouse,1922,,Active
NC,South,35.36896,-81.957145,Courthouse,1910,,Active
NC,South,35.291411,-81.540126,Courthouse,1906,,Active
NC,South,35.783641,-80.888158,Courthouse,1905,,Active
NC,South,35.373781,-83.227657,Courthouse,1915,,Active
NC,South,35.922652,-81.175547,Courthouse,1959,,Active
NC,South,35.063446,-77.353533,Courthouse,1960,,Active
NC,South,34.967083,-80.076333,Courthouse,1934,,Active
NC,South,34.96688,-80.07652,Courthouse,1906,,Active
NC,South,36.398428,-78.155431,Courthouse,1913,,Active
NC,South,36.398428,-78.155434,Courthouse,1940,,Active
NC,South,36.149368,-81.152189,Courthouse,1998,,Active
NC,South,35.725177,-77.910258,Courthouse,1926,,Active
NC,South,36.098304,-80.244721,Courthouse,1905,,Active
NC,South,36.396498,-76.933509,Courthouse,1913,,Active
OK,Not a State,33.993133,-96.379417,Courthouse,1917,,Active
SC,South,34.50315,-82.65035,Courthouse,1901,,Active
SC,South,33.298433,-81.034517,Courthouse,1911,,Active
SC,South,34.617017,-79.684017,Courthouse,1907,,Active
SC,South,34.217233,-80.2497,Courthouse,1913,,Active
SC,South,34.705417,-81.213417,Courthouse,1905,,Active
SC,South,34.303491,-79.871267,Courthouse,1880,,Active
SC,South,33.789417,-81.92955,Courthouse,1900,,Active
SC,South,34.187724,-82.162438,Courthouse,1903,,Active
SC,South,34.7202,-80.7708,Courthouse,1909,,Active
SC,South,33.98055,-81.236117,Courthouse,1886,,Active
SC,South,33.694917,-80.211317,Courthouse,1914,,Active
SC,South,33.6633,-80.779017,Courthouse,1914,,Active
SC,South,34.715256,-81.625161,Courthouse,1907,,Active
SC,South,32.902183,-80.666667,Courthouse,1911,,Active
TN,South,36.532983,-82.326817,Courthouse,1928,,Active
TN,South,35.256333,-88.9875,Courthouse,1873,,Active
TN,South,35.593803,-89.262342,Courthouse,1909,,Active
TN,South,36.1783,-87.3393,Courthouse,2001,,Active
TN,South,35.563853,-89.646339,Courthouse,1895,,Active
TN,South,36.291883,-88.708683,Courthouse,1915,,Active
TN,South,36.032618,-89.385934,Courthouse,1905,,Active
TN,South,35.614167,-88.819167,Courthouse,1888,,Active
TN,South,36.5206,-86.0261,Courthouse,2001,,Active
TN,South,35.449715,-86.788221,Courthouse,1907,,Active
TN,South,35.846183,-86.391633,Courthouse,1901,,Active
TN,South,35.846283,-86.391567,Courthouse,2011,,Active
TN,South,36.163767,-86.78345,Courthouse,1926,,Active
TN,South,36.302433,-88.32555,Courthouse,1900,,Active
TN,South,35.199223,-87.031345,Courthouse,1906,,Active
TN,South,35.225,-88.25075,Courthouse,1995,,Active
TN,South,35.170891,-88.593654,Courthouse,1994,,Active
TN,South,35.9606,-85.8132,Courthouse,1996,,Active
TN,South,36.509167,-86.88555,Courthouse,2012,,Active
TN,South,35.980883,-88.9415,Courthouse,1907,,Active
TN,South,36.424204,-89.056252,Courthouse,1909,,Active
TN,South,35.31965,-87.762583,Courthouse,2004,,Active
TX,South,28.982067,-95.969417,Courthouse,1913,,Active
TX,South,31.056217,-97.463733,Courthouse,1916,,Active
TX,South,33.57779,-96.178896,Courthouse,1905,,Active
TX,South,32.347083,-97.385967,Courthouse,1917,,Active
TX,South,32.346076,-97.389195,Courthouse,2015,,Active
TX,South,32.094917,-96.468683,Courthouse,1909,,Active
TX,South,29.092157,-97.288932,Courthouse,1963,,Active
TX,South,33.214633,-97.13305,Courthouse,1918,,Active
TX,South,32.75735,-97.332733,Courthouse,1953,,Active
TX,South,33.624097,-97.145496,Courthouse,1911,,Active
TX,South,29.303117,-94.7899,Courthouse,1912,,Active
TX,South,30.636768,-97.677528,Courthouse,1916,,Active
TX,South,31.450017,-98.56975,Courthouse,1915,,Active
TX,South,29.50215,-97.452417,Courthouse,1909,,Active
TX,South,33.106583,-98.590533,Courthouse,1916,,Active
TX,South,32.44289,-97.787263,Courthouse,1913,,Active
TX,South,32.011017,-97.1305,Courthouse,1925,,Active
TX,South,30.72365,-95.550817,Courthouse,1956,,Active
TX,South,32.756607,-94.344234,Courthouse,1907,,Active
TX,South,32.589317,-96.309583,Courthouse,1911,,Active
TX,South,30.710733,-94.933633,Courthouse,1900,,Active
TX,South,30.750143,-98.676108,Courthouse,1915,,Active
TX,South,29.884517,-97.672117,Courthouse,1910,,Active
TX,South,32.496267,-94.738717,Courthouse,1911,,Active
TX,South,31.306967,-96.898283,Courthouse,1925,,Active
TX,South,34.724914,-100.536714,Courthouse,1924,,Active
TX,South,33.1568,-94.968683,Courthouse,1911,,Active
TX,South,33.662265,-95.556995,Courthouse,1903,,Active
TX,South,31.79526,-95.150148,Courthouse,1907,,Active
TX,South,29.423867,-98.49375,Courthouse,1936,,Active
TX,South,32.716931,-100.917443,Courthouse,1963,,Active
TX,South,32.220333,-98.20405,Courthouse,2001,,Active
TX,South,35.246967,-102.428,Courthouse,1936,,Active
TX,South,34.152971,-99.284208,Courthouse,1916,,Active
TX,South,32.385567,-96.848067,Courthouse,1912,,Active
TX,South,32.7589,-97.797167,Courthouse,1915,,Active
VA,South,36.712333,-81.970183,Courthouse,1907,,Active
VA,South,37.342417,-77.98085,Courthouse,1905,,Active
VA,South,37.585183,-79.051,Courthouse,1922,,Active
VA,South,37.3557,-78.829567,Courthouse,1905,,Active
VA,South,37.33425,-79.522533,Courthouse,1935,,Active
VA,South,39.151631,-77.980826,Courthouse,1900,,Active
VA,South,37.10035,-81.115483,Courthouse,1911,,Active
VA,South,38.0509,-77.347617,Courthouse,1906,,Active
VA,South,36.66705,-78.3881,Courthouse,1908,,Active
VA,South,37.0564,-78.637483,Courthouse,1901,,Active
VA,South,38.031462,-78.477678,Courthouse,1909,,Active
VA,South,36.826625,-79.398328,Courthouse,1899,,Active
VA,South,37.376383,-77.506567,Courthouse,1903,,Active
VA,South,36.713124,-77.067385,Courthouse,1902,,Active
VA,South,37.7925,-79.99575,Courthouse,1911,,Active
VA,South,37.077217,-77.5872,Courthouse,1972,,Active
VA,South,37.077533,-77.58715,Courthouse,1909,,Active
VA,South,37.353305,-75.946196,Courthouse,1913,,Active
VA,South,36.686717,-77.542233,Courthouse,1910,,Active
VA,South,38.846184,-77.306866,Courthouse,1904,,Active
VA,South,37.499067,-79.8781,Courthouse,1904,,Active
VA,South,36.9113,-80.32005,Courthouse,1904,,Active
VA,South,38.917767,-78.193383,Courthouse,1911,,Active
VA,South,36.638233,-82.580433,Courthouse,1988,,Active
VA,South,37.41485,-76.529517,Courthouse,1889,,Active
VA,South,37.6825,-77.88445,Courthouse,1918,,Active
VA,South,36.765917,-78.92895,Courthouse,1911,,Active
VA,South,37.9171,-76.4722,Courthouse,1873,,Active
VA,South,36.7662,-80.73665,Courthouse,1907,,Active
VA,South,36.622556,-81.151669,Courthouse,1911,,Active
VA,South,37.669391,-76.877698,Courthouse,1912,,Active
VA,South,37.769909,-76.465279,Courthouse,1872,,Active
VA,South,36.758817,-77.846833,Courthouse,1910,,Active
VA,South,39.115717,-77.564183,Courthouse,1908,,Active
VA,South,38.024617,-78.003317,Courthouse,1905,,Active
VA,South,37.760098,-78.869542,Courthouse,1965,,Active
VA,South,36.961492,-78.265916,Courthouse,1916,,Active
VA,South,37.435942,-79.170686,Courthouse,1912,2017,Removed
VA,South,38.379997,-78.257571,Courthouse,1901,,Active
VA,South,36.832989,-81.519887,Courthouse,1904,,Active
VA,South,37.4337,-76.3217,Courthouse,1912,,Active
VA,South,38.412983,-79.582633,Courthouse,1918,,Active
VA,South,38.0953,-76.828267,Courthouse,1876,,Active
VA,South,37.503583,-80.1095,Courthouse,1912,,Active
VA,South,37.128332,-78.079927,Courthouse,1893,,Active
VA,South,38.245191,-78.111278,Courthouse,1900,,Active
VA,South,37.860252,-78.264632,Courthouse,1901,,Active
VA,South,37.326965,-80.734975,Courthouse,2015,,Active
VA,South,37.326837,-80.73516,Courthouse,1905,,Active
VA,South,37.541932,-77.918677,Courthouse,1999,,Active
VA,South,36.995447,-79.889099,Courthouse,1910,,Active
VA,South,38.202639,-77.583138,Courthouse,1918,,Active
VA,South,36.642342,-80.269589,Courthouse,1936,,Active
VA,South,37.137856,-76.834609,Courthouse,1903,,Active
VA,South,36.915554,-77.279784,Courthouse,1912,,Active
VA,South,37.928333,-76.86005,Courthouse,1906,,Active
VA,South,37.115748,-81.520608,Courthouse,1903,,Active
VA,South,38.046011,-79.789723,Courthouse,1922,,Active
VA,South,38.711078,-78.159784,Courthouse,1900,,Active
VA,South,37.267496,-76.704877,Courthouse,1908,,Active
VA,South,36.907967,-76.708183,Courthouse,1905,,Active
WV,South,39.279153,-80.339273,Courthouse,1953,,Active
AL,South,32.378097,-86.300535,"Flags, Etc.",1923,,Active
AL,South,32.377747,-86.300444,"Flags, Etc.",1963,1993,Removed
FL,South,30.633336,-87.04127,"Flags, Etc.",2016,,Active
MS,South,32.303776,-90.181686,"Flags, Etc.",1894,,Active
SC,South,33.999748,-81.032865,"Flags, Etc.",1961,2015,Removed
SD,Not a State,45.012489,-99.947909,"Flags, Etc.",2009,,Active
VA,South,37.539014,-77.433834,"Flags, Etc.",2008,,Active
AL,South,32.405538,-87.018452,Highway / Roadway,1940,,Active
AZ,Not a State,33.651598,-111.982958,Highway / Roadway,1961,,Active
NC,South,35.227609,-80.855395,Highway / Roadway,1869,,Active
NC,South,35.218107,-80.84251,Highway / Roadway,1869,,Active
VA,South,37.530278,-77.450573,Highway / Roadway,1934,,Active
AR,South,34.746514,-92.288901,Holiday,2017,,Active
AR,South,34.746845,-92.289101,Holiday,1947,2017,Removed
FL,South,30.437754,-84.282014,Holiday,1895,,Active
FL,South,30.437874,-84.282143,Holiday,1905,,Active
SC,South,34.000298,-81.03316,Holiday,2000,,Active
TN,South,36.165619,-86.783812,Holiday,2017,,Active
VA,South,37.538908,-77.433379,Holiday,1889,,Active
AL,South,31.339996,-85.712824,Military Base,1942,,Active
GA,South,32.391385,-84.8231,Military Base,1918,,Active
GA,South,33.420538,-82.15623,Military Base,1917,,Active
GA,South,34.951683,-85.259833,Military Base,1895,,Active
GA,South,33.28005,-85.098817,Military Base,1999,,Active
GA,South,34.29932,-83.8272,Military Base,1909,,Active
GA,South,31.847561,-81.595513,Military Base,1928,,Active
GA,South,31.66456,-83.386681,Military Base,1935,,Active
LA,South,31.045492,-93.200075,Military Base,1941,,Active
LA,South,31.374529,-92.392676,Military Base,1917,,Active
NC,South,35.145052,-79.002052,Military Base,1918,,Active
TX,South,31.194999,-97.741342,Military Base,1942,,Active
VA,South,38.070075,-77.329088,Military Base,1941,,Active
VA,South,37.228891,-77.344869,Military Base,1917,,Active
VA,South,37.071821,-77.972664,Military Base,1942,,Active
AL,South,32.922952,-85.977706,Monument,1923,,Active
AL,South,33.659631,-85.8267,Monument,1905,,Active
AL,South,32.61029,-85.480418,Monument,1914,,Active
AL,South,33.520755,-86.809902,Monument,1905,,Active
AL,South,32.510368,-87.841312,Monument,1941,,Active
AL,South,32.510361,-87.841361,Monument,1910,,Active
AL,South,31.893015,-85.145715,Monument,1904,,Active
AL,South,34.44402,-85.719553,Monument,1913,,Active
AL,South,34.01117,-85.999667,Monument,1907,,Active
AL,South,34.066312,-85.928552,Monument,1992,,Active
AL,South,31.829067,-86.623017,Monument,1903,,Active
AL,South,34.14216,-87.988839,Monument,1977,,Active
AL,South,31.35209,-85.342587,Monument,1936,,Active
AL,South,31.352103,-85.342357,Monument,1926,,Active
AL,South,33.813806,-85.761289,Monument,1909,,Active
AL,South,34.23425,-85.540283,Monument,1939,,Active
AL,South,33.250367,-87.069633,Monument,1980,,Active
AL,South,33.247967,-87.0678,Monument,1996,,Active
AL,South,33.247933,-87.0678,Monument,2014,,Active
AL,South,32.513694,-86.375944,Monument,1913,,Active
AL,South,30.690331,-88.039952,Monument,1900,,Active
AL,South,32.377517,-86.302367,Monument,1942,,Active
AL,South,32.377722,-86.300702,Monument,1897,,Active
AL,South,32.378517,-86.27225,Monument,1908,,Active
AL,South,32.37886,-86.3113,Monument,1911,,Active
AL,South,32.646055,-85.376913,Monument,1911,,Active
AL,South,33.614993,-85.828939,Monument,1938,,Active
AL,South,31.458467,-85.64035,Monument,1910,,Active
AL,South,32.463698,-86.475073,Monument,1908,,Active
AL,South,32.462617,-86.469176,Monument,1916,,Active
AL,South,32.462561,-86.469191,Monument,2002,,Active
AL,South,34.811697,-87.332484,Monument,2006,,Active
AL,South,32.405817,-87.0215,Monument,1931,,Active
AL,South,32.426912,-87.014171,Monument,1907,,Active
AL,South,32.408736,-87.014073,Monument,1917,,Active
AL,South,30.7426,-87.91535,Monument,2010,,Active
AL,South,31.807677,-85.971731,Monument,1908,,Active
AL,South,33.211119,-87.546154,Monument,1914,,Active
AL,South,32.42408,-85.690879,Monument,1906,,Active
AR,South,35.770424,-91.653176,Monument,1907,,Active
AR,South,36.372647,-94.208469,Monument,1908,,Active
AR,South,35.224025,-93.155306,Monument,1921,,Active
AR,South,35.385902,-94.398479,Monument,1903,,Active
AR,South,36.2302,-93.107617,Monument,1986,,Active
AR,South,34.507949,-93.054737,Monument,1934,,Active
AR,South,35.639167,-91.311944,Monument,1914,,Active
AR,South,34.738683,-92.265,Monument,1936,,Active
AR,South,34.7474,-92.2881,Monument,1905,,Active
AR,South,34.748973,-92.272214,Monument,1923,,Active
AR,South,34.748817,-92.272233,Monument,1928,,Active
AR,South,34.748833,-92.272033,Monument,1928,,Active
AR,South,34.749025,-92.27205,Monument,1932,,Active
AR,South,34.738915,-92.26413,Monument,1911,,Active
AR,South,34.773911,-90.756979,Monument,1910,,Active
AR,South,36.454017,-94.114983,Monument,1964,,Active
AR,South,34.229484,-92.00334,Monument,1910,,Active
AR,South,33.80261,-93.381,Monument,1969,,Active
AR,South,36.08035,-91.3037,Monument,1996,,Active
AR,South,33.941922,-91.84584,Monument,1926,,Active
AZ,Not a State,33.3356,-111.4405,Monument,1943,,Active
AZ,Not a State,33.448171,-112.094537,Monument,1961,,Active
AZ,Not a State,32.645933,-111.400433,Monument,1984,,Active
CA,North,35.393505,-119.019103,Monument,1942,,Active
CA,North,41.901467,-122.5634,Monument,1944,,Active
CA,North,36.5978,-121.89715,Monument,1937,,Active
CA,North,32.714942,-117.161562,Monument,1926,2017,Removed
DC,Border,38.8946,-77.0157,Monument,1901,,Active
DC,Border,38.930503,-77.07092,Monument,1953,2017,Removed
DE,North,38.671993,-75.378714,Monument,2007,,Active
FL,South,30.82285,-86.537117,Monument,1958,,Active
FL,South,29.213483,-81.0196,Monument,1979,,Active
FL,South,26.6434,-81.87185,Monument,1966,,Active
FL,South,27.755267,-81.795417,Monument,1983,,Active
FL,South,30.3294,-81.659417,Monument,1898,,Active
FL,South,30.334817,-81.654483,Monument,1915,,Active
FL,South,30.399683,-81.55565,Monument,1950,,Active
FL,South,28.044617,-81.9556,Monument,1910,,Active
FL,South,30.77415,-85.22875,Monument,1921,,Active
FL,South,28.544225,-81.373122,Monument,1911,2017,Removed
FL,South,30.419883,-87.217,Monument,1891,,Active
FL,South,29.892467,-81.312033,Monument,1872,,Active
FL,South,29.892417,-81.313817,Monument,1920,,Active
FL,South,28.245614,-81.282962,Monument,2006,,Active
FL,South,30.411733,-83.911133,Marker,1940,,Active
FL,South,27.77125,-82.632117,Monument,1939,2017,Removed
FL,South,30.314883,-82.803733,Monument,2002,,Active
GA,South,32.06659,-84.224705,Monument,1901,,Active
GA,South,32.194617,-84.140167,Monument,1909,,Active
GA,South,33.957662,-83.375485,Monument,1872,,Active
GA,South,33.75235,-84.38985,Monument,1939,,Active
GA,South,33.739983,-84.327033,Monument,1902,,Active
GA,South,33.786486,-84.3775,Monument,1911,,Active
GA,South,33.474967,-81.96435,Monument,1878,,Active
GA,South,33.44655,-82.01025,Monument,1930,,Active
GA,South,30.906217,-84.576017,Monument,1936,,Active
GA,South,31.144083,-81.4934,Monument,1902,,Active
GA,South,32.387017,-83.354941,Monument,1910,,Active
GA,South,32.45995,-84.993267,Monument,1879,,Active
GA,South,32.460001,-84.993301,Monument,1879,,Active
GA,South,32.472583,-84.987717,Monument,1936,,Active
GA,South,31.9639,-83.782233,Monument,1911,,Active
GA,South,31.77133,-84.789311,Monument,1910,,Active
GA,South,33.921083,-84.839367,Monument,2012,,Active
GA,South,34.771523,-84.968101,Monument,1912,,Active
GA,South,33.774852,-84.296488,Monument,1908,,Active
GA,South,31.508767,-82.85055,Monument,1911,,Active
GA,South,33.326132,-83.389594,Monument,1908,,Active
GA,South,34.109783,-82.8676,Monument,1898,,Active
GA,South,33.567017,-84.581,Monument,1937,,Active
GA,South,34.117592,-83.573121,Monument,1911,,Active
GA,South,32.68751,-83.345782,Monument,1911,,Active
GA,South,34.70875,-85.281217,Monument,1909,,Active
GA,South,33.04361,-85.030288,Monument,1902,,Active
GA,South,32.837469,-83.628498,Monument,1879,,Active
GA,South,33.588017,-83.475306,Monument,1908,,Active
GA,South,33.080406,-83.225079,Monument,1912,,Active
GA,South,32.30581,-84.027518,Monument,1911,,Active
GA,South,33.304413,-83.684084,Monument,1910,,Active
GA,South,32.067192,-81.096314,Monument,1902,2018,Removed
GA,South,32.067279,-81.096338,Monument,1875,2018,Removed
GA,South,32.067213,-81.096422,Monument,1902,2018,Removed
GA,South,32.373566,-81.314386,Monument,1923,,Active
GA,South,33.806373,-84.145379,Monument,1972,,Active
GA,South,33.808905,-84.143505,Monument,1977,,Active
GA,South,33.465882,-82.502197,Monument,1913,,Active
GA,South,33.469723,-82.504643,Monument,1896,,Active
GA,South,31.462408,-83.503724,Monument,1910,,Active
GA,South,33.615228,-83.075939,Monument,1936,,Active
GA,South,33.737963,-82.739216,Monument,1938,,Active
GA,South,31.209417,-82.359639,Monument,1910,,Active
IA,North,40.725567,-91.854967,Monument,2007,,Active
KS,North,37.68718,-97.3301,Monument,1976,2015,Removed
KY,Border,38.005115,-86.169572,Monument,1895,,Active
KY,Border,36.862197,-87.837137,Monument,1913,,Active
KY,Border,37.645984,-84.778517,Monument,1910,,Active
KY,Border,36.843418,-87.30055,Monument,1930,,Active
KY,Border,36.84205,-87.300213,Monument,1929,,Active
KY,Border,36.512214,-88.880833,Monument,1902,,Active
KY,Border,38.198583,-84.56035,Monument,1888,,Active
KY,Border,36.995551,-85.912195,Monument,1905,,Active
KY,Border,36.867017,-87.488117,Monument,1911,,Active
KY,Border,36.878373,-87.507904,Monument,1935,,Active
KY,Border,38.190197,-85.568989,Monument,1904,,Active
KY,Border,37.077217,-88.099533,Monument,1931,,Active
KY,Border,38.047815,-84.498429,Monument,1887,2017,Removed
KY,Border,38.2193,-85.761434,Monument,1895,2016,Removed
KY,Border,36.741409,-88.635206,Monument,1917,,Active
KY,Border,37.055556,-84.739444,Monument,1910,,Active
KY,Border,37.773333,-87.113333,Monument,1900,,Active
KY,Border,37.079833,-88.618017,Monument,1935,,Active
KY,Border,37.081944,-88.619722,Monument,1909,,Active
KY,Border,36.845,-86.8875,Monument,1910,,Active
LA,South,30.448333,-91.1875,Monument,1886,2012,Removed
LA,South,30.45399,-91.139153,Monument,1931,,Active
LA,South,30.444065,-91.160058,Monument,1913,unknown,Removed
LA,South,29.85338,-89.987986,Monument,1968,,Active
LA,South,30.866039,-91.018424,Monument,1909,,Active
LA,South,30.107856,-90.991472,Monument,1999,,Active
LA,South,29.763507,-93.697381,Monument,1984,,Active
LA,South,32.614158,-93.287583,Monument,1933,,Active
LA,South,29.965123,-90.098488,Monument,1957,,Active
LA,South,29.970617,-90.093583,Monument,1922,,Active
LA,South,29.967326,-90.096495,Monument,1949,,Active
LA,South,29.928689,-90.079775,Monument,1930,,Active
LA,South,29.969917,-90.0942,Monument,1911,2017,Removed
LA,South,29.984043,-90.08985,Monument,1915,2017,Removed
LA,South,29.943357,-90.072444,Monument,1884,2017,Removed
LA,South,31.85445,-93.51805,Monument,1994,,Active
LA,South,31.853617,-93.513333,Monument,1994,,Active
LA,South,30.28763,-91.234977,Monument,1912,,Active
LA,South,32.50012,-93.7245,Monument,2006,,Active
MA,North,42.320248,-70.928023,Monument,1963,2017,Removed
MD,Border,39.308783,-76.622455,Monument,1903,2017,Removed
MD,Border,39.333315,-76.618371,Monument,1917,2017,Removed
MD,Border,"39.32431,",", -76.61983",Monument,1948,2017,Removed
MD,Border,38.774897,-76.077266,Monument,1916,,Active
MO,Border,37.115938,-93.419182,Monument,2001,,Active
MO,Border,36.759959,-89.969902,Monument,1996,,Active
MO,Border,38.557837,-92.168714,Monument,1933,,Active
MO,Border,39.028105,-94.603364,Monument,1934,2017,Removed
MO,Border,39.434742,-92.936739,Monument,1915,,Active
MO,Border,37.840233,-94.358392,Monument,2001,,Active
MO,Border,39.315335,-92.688636,Monument,1997,,Active
MO,Border,38.644374,-90.279655,Monument,1914,2017,Removed
MO,Border,38.765825,-93.750433,Monument,1989,,Active
MO,Border,39.208861,-93.517725,Monument,2009,,Active
MS,South,33.985021,-88.48916,Monument,1924,,Active
MS,South,30.391785,-88.970479,Monument,1913,,Active
MS,South,33.234579,-88.577889,Monument,1911,,Active
MS,South,34.9311,-88.518333,Monument,1992,,Active
MS,South,33.6332,-89.71,Monument,1908,,Active
MS,South,33.784817,-89.802333,Monument,1910,,Active
MS,South,31.327563,-89.291463,Monument,1910,,Active
MS,South,31.896997,-88.995063,Monument,1911,,Active
MS,South,32.298472,-90.180019,Monument,1891,,Active
MS,South,31.158678,-90.809088,Monument,1871,,Active
MS,South,33.123516,-89.05326,Monument,1921,,Active
MS,South,31.558294,-91.40106,Monument,1890,,Active
MS,South,34.004194,-88.746679,Monument,1905,,Active
MS,South,34.365324,-89.535085,Monument,1906,,Active
MS,South,31.962067,-90.983633,Monument,1906,,Active
MS,South,34.365235,-89.534241,Monument,1906,,Active
MS,South,33.331814,-89.74249,Monument,1912,,Active
MS,South,32.348917,-90.880117,Monument,1887,,Active
MS,South,33.605549,-88.647871,Monument,1907,,Active
MS,South,32.850567,-90.411667,Monument,1909,,Active
MT,Not a State,46.593333,-112.04,Monument,1916,2017,Removed
NC,South,35.34991,-80.20108,Monument,1925,,Active
NC,South,35.595069,-82.551533,Monument,1926,,Active
NC,South,35.595074,-82.551447,Monument,1897,,Active
NC,South,34.719317,-76.6628,Monument,1926,,Active
NC,South,35.913617,-79.052117,Monument,1913,,Active
NC,South,35.21855,-80.82963,Monument,1929,,Active
NC,South,35.222031,-80.83805,Monument,1977,2015,Removed
NC,South,35.217806,-80.84849,Monument,1994,2016,Removed
NC,South,35.22673,-80.84378,Monument,1915,,Active
NC,South,35.40933,-80.57973,Monument,1892,,Active
NC,South,36.001671,-78.939838,Monument,1932,2017,Removed
NC,South,36.057166,-76.609404,Monument,1909,,Active
NC,South,35.11657,-78.13805,Monument,1932,,Active
NC,South,35.054317,-78.892333,Monument,1928,,Active
NC,South,35.05861,-78.90408,Monument,1902,,Active
NC,South,35.442467,-82.50385,Monument,1931,,Active
NC,South,35.442967,-82.5061,Monument,1926,,Active
NC,South,35.3338,-81.8653,Monument,1932,,Active
NC,South,35.18165,-83.381317,Monument,1909,,Active
NC,South,36.40327,-76.75299,Monument,1915,,Active
NC,South,36.06751,-79.79003,Monument,1985,,Active
NC,South,36.067517,-79.790104,Monument,1986,,Active
NC,South,35.31444,-82.46017,Monument,1903,,Active
NC,South,35.65116,-78.83521,Monument,1923,,Active
NC,South,34.75088,-77.43136,Monument,1957,,Active
NC,South,35.244,-77.58474,Monument,1924,,Active
NC,South,35.22411,-77.5297,Monument,1920,,Active
NC,South,33.96927,-77.91794,Monument,1932,,Active
NC,South,33.96939,-77.91822,Monument,1932,,Active
NC,South,35.82375,-80.25333,Monument,1905,,Active
NC,South,36.104217,-78.2973,Monument,1914,,Active
NC,South,35.47817,-76.01251,Monument,2001,,Active
NC,South,35.745629,-81.687789,Monument,1918,,Active
NC,South,35.663398,-81.222139,Monument,1907,,Active
NC,South,36.309667,-78.587944,Monument,1909,,Active
NC,South,36.3616,-79.664302,Monument,1915,,Active
NC,South,34.939374,-79.774536,Monument,1930,,Active
NC,South,35.962057,-77.80542,Monument,1917,,Active
NC,South,35.668405,-80.471085,Monument,1909,,Active
NC,South,35.558956,-78.296834,Monument,1990,,Active
NC,South,35.455721,-77.670352,Monument,1929,,Active
NC,South,35.900452,-77.535971,Monument,1904,,Active
NC,South,35.900292,-77.536279,Monument,1910,,Active
NC,South,35.883224,-80.080398,Monument,2010,,Active
NC,South,36.420518,-77.598459,Monument,1908,,Active
NC,South,33.969373,-77.918229,Monument,1932,,Active
NC,South,34.234281,-77.945908,Monument,1872,,Active
NC,South,34.235576,-77.945759,Monument,1911,,Active
NC,South,35.997136,-76.945544,Monument,1896,,Active
NC,South,36.403491,-79.33633,Monument,1921,,Active
NM,Not a State,32.2248,-108.1228,Monument,1955,,Active
NM,Not a State,33.724983,-107.002483,Monument,1936,,Active
NM,Not a State,32.281433,-106.866233,Monument,1955,,Active
NM,Not a State,32.352667,-108.742867,Monument,1960,,Active
NY,North,40.858848,-73.912218,Monument,1923,2017,Removed
NY,North,40.858995,-73.912468,Monument,1957,2017,Removed
OH,North,39.545226,-84.317268,Monument,1927,2017,Removed
OK,Not a State,34.160787,-97.143885,Monument,1910,,Active
OK,Not a State,35.012033,-97.361167,Monument,1906,,Active
OK,Not a State,35.530233,-95.4859,Monument,1983,,Active
OK,Not a State,35.912717,-94.970883,Monument,1913,,Active
OK,Not a State,35.912753,-94.970833,Monument,1971,,Active
OK,Not a State,36.133503,-95.983562,Monument,1918,2018,Removed
PA,North,39.924033,-77.98375,Monument,1929,,Active
PA,North,39.920617,-78.006317,Monument,1930,,Active
SC,South,34.1775,-82.378883,Monument,1906,,Active
SC,South,34.17695,-82.373617,Monument,1927,,Active
SC,South,33.560033,-81.717967,Monument,1901,,Active
SC,South,34.251067,-80.6081,Monument,1883,,Active
SC,South,34.24725,-80.601933,Monument,1911,,Active
SC,South,32.769417,-79.92905,Monument,1932,,Active
SC,South,32.790417,-79.936817,Monument,1911,,Active
SC,South,34.473333,-81.880433,Monument,1910,,Active
SC,South,34.304717,-81.983883,Monument,1908,,Active
SC,South,35.007776,-80.944648,Monument,1891,,Active
SC,South,35.007631,-80.944823,Monument,1895,,Active
SC,South,35.007648,-80.944664,Monument,1895,,Active
SC,South,35.073498,-81.648612,Monument,1922,,Active
SC,South,34.853423,-82.397777,Monument,1891,1923,Removed
SC,South,34.855083,-82.39685,Monument,1935,,Active
SC,South,33.833867,-81.803833,Monument,1911,,Active
SC,South,34.836867,-81.67955,Monument,1907,,Active
SC,South,33.663429,-79.830773,Monument,1910,,Active
SC,South,34.498883,-82.014317,Monument,1910,,Active
SC,South,34.178017,-79.400117,Monument,1903,,Active
SC,South,33.193617,-79.972683,Monument,2011,,Active
SC,South,34.274167,-81.620283,Monument,1880,,Active
SC,South,33.4836,-80.87195,Monument,2001,,Active
SC,South,33.4902,-80.8635,Monument,1893,,Active
SC,South,34.20935,-81.533217,Monument,1928,,Active
SC,South,34.9659,-81.0519,Monument,1908,,Active
SC,South,34.888333,-82.973333,Monument,2004,,Active
SC,South,34.934118,-81.914667,Monument,1910,,Active
SC,South,34.766917,-83.075467,Monument,2002,,Active
SC,South,34.76695,-83.075667,Monument,1910,,Active
SC,South,34.66945,-83.101133,Monument,1980,,Active
SC,South,34.618083,-82.478483,Monument,1942,,Active
SC,South,34.383514,-81.085074,Monument,1901,,Active
SC,South,34.991617,-81.236333,Monument,1906,,Active
TN,South,35.048924,-85.306949,Monument,1919,,Active
TN,South,35.164061,-84.873076,Monument,1910,,Active
TN,South,35.490229,-88.957894,Monument,1897,,Active
TN,South,35.9252,-86.868917,Monument,1899,,Active
TN,South,36.387341,-86.449168,Monument,1903,,Active
TN,South,35.822517,-88.907133,Monument,1900,,Active
TN,South,35.959291,-83.93385,Monument,1914,,Active
TN,South,36.207974,-86.291111,Monument,1912,,Active
TN,South,35.147049,-90.054133,Monument,1908,2017,Removed
TN,South,35.147044,-90.054271,Monument,1964,2017,Removed
TN,South,35.139199,-90.034838,Monument,1904,2017,Removed
TN,South,35.53429,-87.20728,Monument,1907,,Active
TN,South,35.2105,-86.4603,Monument,1909,,Active
TN,South,36.14785,-86.812633,Monument,1909,,Active
TN,South,35.797183,-88.390467,Monument,2002,,Active
TN,South,35.796333,-88.3903,Monument,2007,,Active
TN,South,35.207632,-85.919264,Monument,1940,2017,Removed
TN,South,36.420963,-89.04734,Monument,1869,,Active
TN,South,35.82565,-86.086133,Monument,1926,,Active
TX,South,35.202644,-101.84612,Monument,1931,,Active
TX,South,30.2847,-97.739767,Monument,1932,2017,Removed
TX,South,30.283837,-97.739591,Monument,1933,2016,Removed
TX,South,30.19145,-97.779633,Monument,1931,,Active
TX,South,30.285117,-97.739717,Monument,1926,2015,Removed
TX,South,30.284342,-97.739592,Monument,1932,2017,Removed
TX,South,30.284486,-97.739581,Monument,1932,2017,Removed
TX,South,30.08364,-94.104845,Monument,1912,,Active
TX,South,25.9059,-97.499267,Monument,1926,,Active
TX,South,33.61135,-95.0502,Monument,1912,,Active
TX,South,32.808449,-96.804381,Monument,1936,2017,Removed
TX,South,33.16175,-96.359517,Monument,1917,,Active
TX,South,33.6233,-97.15355,Monument,1908,,Active
TX,South,33.125002,-96.088942,Monument,1926,,Active
TX,South,33.785417,-98.679367,Monument,1999,,Active
TX,South,29.709015,-95.390791,Monument,1905,,Active
TX,South,29.760267,-95.3726,Monument,1908,,Active
TX,South,32.545,-94.36705,Monument,1906,,Active
TX,South,31.758078,-95.626071,Monument,1911,,Active
TX,South,29.732017,-93.8944,Monument,1937,,Active
TX,South,29.4937,-98.434183,Monument,1929,,Active
TX,South,29.4223,-98.494183,Monument,1956,,Active
TX,South,29.428083,-98.489217,Monument,1900,2017,Removed
TX,South,29.888183,-97.933747,Monument,1931,2016,Removed
TX,South,33.636267,-96.6095,Monument,1896,,Active
TX,South,33.424617,-94.04335,Monument,1918,,Active
TX,South,30.110558,-95.653391,Monument,1966,,Active
TX,South,28.799667,-97.006383,Monument,1912,,Active
TX,South,33.909783,-98.4989,Monument,1934,,Active
VA,South,38.803917,-77.047194,Monument,1889,,Active
VA,South,36.5977,-82.180917,Monument,1920,,Active
VA,South,37.550433,-78.556283,Monument,1908,,Active
VA,South,38.03194,-78.480461,Monument,1970,,Active
VA,South,38.031854,-78.480533,Monument,1924,,Active
VA,South,38.031958,-78.478062,Monument,1921,,Active
VA,South,37.130064,-80.408829,Monument,1883,,Active
VA,South,37.301768,-78.395421,Monument,1900,,Active
VA,South,36.681132,-76.935677,Monument,1911,,Active
VA,South,38.300283,-77.464133,Monument,2009,,Active
VA,South,38.3059,-77.49665,Monument,2014,,Active
VA,South,37.6615,-77.4535,Monument,1888,,Active
VA,South,37.763117,-77.367233,Monument,1914,,Active
VA,South,38.423107,-78.864796,Monument,1898,,Active
VA,South,37.30505,-77.288533,Monument,1949,,Active
VA,South,36.900817,-82.080217,Monument,1914,,Active
VA,South,37.789967,-79.43965,Monument,1931,,Active
VA,South,38.665133,-78.44835,Monument,1898,,Active
VA,South,38.6645,-78.459967,Monument,1918,,Active
VA,South,37.413817,-79.14435,Monument,1899,,Active
VA,South,37.390238,-79.172512,Monument,1919,,Active
VA,South,37.573,-77.296,Monument,1999,,Active
VA,South,37.517867,-76.978317,Monument,1934,,Active
VA,South,37.1296,-76.541517,Monument,1909,,Active
VA,South,36.845695,-76.288603,Monument,1907,,Active
VA,South,37.784183,-75.65374,Monument,1899,,Active
VA,South,37.20428,-77.382164,Monument,1909,,Active
VA,South,36.835594,-76.300877,Monument,1876,,Active
VA,South,37.046382,-80.780169,Monument,1906,,Active
VA,South,37.584151,-77.462533,Monument,1892,,Active
VA,South,37.526835,-77.417693,Monument,1894,,Active
VA,South,37.552453,-77.457769,Monument,1907,,Active
VA,South,37.438966,-77.438878,Monument,1933,,Active
VA,South,37.558333,-77.46765,Monument,1907,,Active
VA,South,37.562772,-77.474976,Monument,1929,,Active
VA,South,37.548674,-77.45495,Monument,1892,,Active
VA,South,37.553833,-77.4601,Monument,1890,,Active
VA,South,37.560534,-77.471318,Monument,1919,,Active
VA,South,37.547212,-77.450941,Monument,1891,,Active
VA,South,37.26445,-80.011383,Monument,1928,,Active
VA,South,37.270507,-79.945225,Monument,1960,,Active
VA,South,37.293557,-80.054595,Monument,1909,,Active
VA,South,36.751289,-76.054288,Monument,1905,,Active
VA,South,39.184494,-78.165317,Monument,1916,,Active
WA,Not a State,45.65353,-122.666476,Monument,1939,1998,Removed
WV,South,39.323055,-77.730219,Monument,1931,,Active
WV,South,37.671671,-80.891396,Monument,1914,,Active
WV,South,39.270276,-81.531837,Monument,1908,,Active
WV,South,37.595597,-80.543992,Monument,1901,,Active
WV,South,38.491649,-80.054393,Monument,1913,,Active
GA,South,33.294553,-83.966681,Other,1911,,Active
TX,South,33.781675,-95.537217,Other,1941,,Active
AL,South,32.37847,-86.300527,Other Government Office,1898,,Active
AL,South,32.37785,-86.3009,Other Government Office,1940,,Active
AR,South,34.738033,-92.265067,Other Government Office,1926,,Active
AR,South,34.746039,-92.288886,Other Government Office,1905,,Active
AR,South,34.7447,-92.291146,Other Government Office,1913,,Active
DC,Border,38.889758,-77.009093,Other Government Office,1925,,Active
FL,South,29.651422,-82.324713,Other Government Office,1904,2017,Removed
FL,South,30.438059,-84.281274,Other Government Office,1882,,Active
GA,South,31.9926,-83.307117,Other Government Office,1909,,Active
GA,South,33.7498,-84.3885,Other Government Office,1907,,Active
KY,Border,38.186767,-84.875242,Other Government Office,1936,,Active
LA,South,30.456983,-91.186931,Other Government Office,1934,,Active
LA,South,30.457126,-91.187408,Other Government Office,1934,,Active
LA,South,30.221893,-92.018539,Other Government Office,1922,,Active
MS,South,32.300067,-90.180067,Other Government Office,1926,,Active
MS,South,32.303317,-90.182183,Other Government Office,1917,,Active
MS,South,33.482889,-89.729047,Other Government Office,1909,,Active
NC,South,35.780423,-78.639935,Other Government Office,1895,,Active
NC,South,35.77978,-78.639681,Other Government Office,1914,,Active
NC,South,35.780675,-78.639598,Other Government Office,1912,,Active
NC,South,35.780801,-78.639768,Other Government Office,1940,,Active
NC,South,35.77982,-78.63885,Other Government Office,1900,,Active
SC,South,32.777017,-79.93055,Other Government Office,1881,,Active
SC,South,34.001533,-81.03235,Other Government Office,1923,,Active
SC,South,33.99885,-81.0325,Other Government Office,1912,,Active
SC,South,34.0012,-81.033583,Other Government Office,1879,,Active
SC,South,33.999677,-81.033123,Other Government Office,1906,,Active
TN,South,36.165619,-86.784173,Other Government Office,1978,,Active
TN,South,36.165067,-86.78425,Other Government Office,1909,,Active
TX,South,30.274612,-97.740402,Other Government Office,1959,,Active
TX,South,30.2732,-97.740833,Other Government Office,1903,,Active
TX,South,30.274033,-97.739367,Other Government Office,1910,,Active
TX,South,30.273967,-97.74075,Other Government Office,1907,,Active
TX,South,32.592113,-96.758311,Other Government Office,1936,,Active
VA,South,37.538525,-77.433873,Statue,1931,,Active
VA,South,37.539233,-77.433183,Other Government Office,1875,,Active
WV,South,38.335948,-81.612405,Other Government Office,1959,,Active
WV,South,38.335458,-81.611278,Other Government Office,1910,,Active
WV,South,37.802722,-80.447949,Monument,1906,,Active
AL,South,34.807267,-87.38219,Body of Water,1936,,Active
AL,South,32.517778,-87.838379,Park,1923,,Active
AL,South,31.829374,-86.623011,Park,1897,,Active
AL,South,32.718827,-86.474056,Park,1964,,Active
AL,South,34.818236,-87.345549,Park,1949,,Active
AR,South,35.258333,-93.140556,Park,1921,,Active
CA,North,"36.74729,",-118.97256,Other,1875,,Active
FL,South,30.334601,-81.653839,Park,1915,,Active
FL,South,30.329167,-81.659167,Park,1899,,Active
FL,South,27.524262,-82.525993,Park,1925,,Active
FL,South,25.806014,-80.204516,Park,1924,1989,Removed
FL,South,30.419654,-87.216965,Park,1889,,Active
GA,South,31.663301,-83.385854,Park,1939,,Active
KY,Border,36.841853,-87.300114,Park,1957,,Active
LA,South,31.746907,-93.428196,Park,1962,,Active
MO,Border,39.434495,-92.9382,Park,1915,,Active
MO,Border,39.20886,-93.517609,Park,2009,,Active
MS,South,34.247608,-88.998513,Park,1916,,Active
NC,South,35.362581,-80.600838,Building,1909,,Active
NC,South,35.302743,-82.90497,Other,1956,,Active
NV,North,38.988616,-114.297865,Other,1869,,Active
SC,South,32.800496,-79.956007,Park,1903,,Active
SC,South,35.007476,-80.94491,Park,1891,,Active
TN,South,36.088718,-87.97416,Park,1929,,Active
TX,South,31.052904,-97.459512,Park,1892,,Active
TX,South,32.345667,-97.385817,Other,2009,,Active
TX,South,30.633333,-104.166667,Other,1854,,Active
TX,South,30.599059,-103.930104,Park,1933,,Active
TX,South,32.689724,-97.348828,Park,1923,2017,Removed
TX,South,31.631685,-96.560497,Park,1983,,Active
VA,South,38.031883,-78.477947,Park,1919,2017,Removed
VA,South,38.031967,-78.48068,Park,1917,2017,Removed
VA,South,38.85504,-77.15068,Park,1961,,Active
VA,South,37.047914,-76.483963,Body of Water,1931,,Active
WV,South,38.941778,-80.490743,Other,1966,,Active
WV,South,38.949731,-80.492482,Park,1990,,Active
AL,South,32.37575,-86.3005,Scholarship,1955,,Active
ME,North,43.90698,-69.965215,Scholarship,1972,2015,Removed
AL,South,31.101312,-87.085382,Schools,1965,2017,Removed
AL,South,34.755095,-86.578195,Schools,1958,,Active
AL,South,32.343234,-86.262223,Schools,1968,,Active
AL,South,32.378512,-86.272053,Schools,1955,,Active
AL,South,32.549874,-85.372087,Schools,1928,,Active
AL,South,32.547138,-85.367999,Schools,1928,,Active
AL,South,34.73867,-87.701589,Schools,1950,,Active
AR,South,35.020361,-90.794509,Schools,1915,,Active
AR,South,35.019852,-90.790152,Schools,1915,,Active
AR,South,34.740093,-92.316235,Schools,1906,2005,Removed
AR,South,36.179513,-94.134081,Schools,1951,,Active
CA,North,32.670982,-117.057763,Schools,1959,2016,Removed
FL,South,29.656825,-82.34896,Schools,1939,,Active
FL,South,30.254947,-81.76128,Schools,1961,,Active
FL,South,30.246424,-81.766119,Schools,1959,2014,Removed
FL,South,30.307136,-81.703853,Schools,1928,,Active
FL,South,30.268245,-81.742222,Schools,1965,,Active
FL,South,28.584103,-81.397095,Schools,1956,2017,Removed
FL,South,28.530667,-81.302884,Schools,1965,,Active
FL,South,27.966539,-82.457455,Schools,1943,,Active
GA,South,33.733947,-84.421609,Schools,1924,,Active
GA,South,33.959521,-84.478468,Schools,1965,,Active
LA,South,30.404932,-91.150783,Schools,1958,,Active
LA,South,30.744631,-93.026774,Schools,1962,,Active
LA,South,30.744993,-93.027104,Schools,1962,,Active
LA,South,29.7903,-90.8027,College,1948,,Active
MO,Border,38.949149,-92.322575,Schools,1934,,Active
MS,South,30.405333,-88.935133,Schools,1960,,Active
MS,South,31.069908,-89.187042,Schools,1911,,Active
MS,South,33.51707,-90.185941,Schools,1907,,Active
MS,South,30.408183,-89.003655,Schools,1965,,Active
MS,South,32.307947,-90.180916,Schools,1906,2017,Removed
MS,South,32.289102,-90.193826,Schools,1907,2018,Removed
MS,South,32.243439,-90.222045,Schools,1903,,Active
OK,Not a State,33.989756,-96.385814,Schools,1937,,Active
OK,Not a State,35.434857,-97.520763,Schools,1910,2017,Removed
OK,Not a State,35.429528,-97.559567,Schools,1930,2017,Removed
OK,Not a State,35.438299,-97.557615,Schools,1931,2018,Removed
OK,Not a State,36.133958,-95.98362,Schools,1918,,Active
TX,South,32.413183,-99.755531,Schools,1962,,Active
TX,South,32.464122,-99.768162,Schools,1957,,Active
TX,South,32.46268,-99.779824,Schools,1961,,Active
TX,South,30.257964,-97.681417,Schools,1960,2018,Removed
TX,South,30.243825,-97.750542,Schools,1911,2018,Removed
TX,South,30.324031,-97.691051,Schools,1965,2018,Removed
TX,South,30.293348,-97.727204,Schools,1939,2016,Removed
TX,South,29.734485,-94.976211,Schools,1934,,Active
TX,South,29.731033,-94.98646,Schools,1928,,Active
TX,South,31.19535,-101.463374,Schools,1921,,Active
TX,South,31.20182,-101.451709,Schools,1921,,Active
TX,South,31.194801,-101.454151,Schools,1921,,Active
TX,South,32.737649,-96.793032,Schools,1956,2018,Removed
TX,South,32.758515,-96.689745,Schools,1955,2016,Removed
TX,South,32.746775,-96.830942,Schools,1905,,Active
TX,South,32.788354,-96.75398,Schools,1910,,Active
TX,South,32.824474,-96.766397,Schools,1927,2018,Removed
TX,South,32.835697,-96.766184,Schools,1939,2018,Removed
TX,South,32.825458,-96.693365,Schools,1954,,Active
TX,South,32.918484,-96.865318,Schools,1958,2017,Removed
TX,South,33.220018,-97.10491,Schools,1988,2017,Removed
TX,South,32.741461,-96.998527,Schools,1948,,Active
TX,South,29.669117,-95.47395,Schools,1959,2016,Removed
TX,South,29.783464,-95.358707,Schools,1926,2016,Removed
TX,South,29.79503,-95.39357,Schools,1926,2016,Removed
TX,South,29.730085,-95.500057,Schools,1962,2016,Removed
TX,South,29.620435,-95.453087,Schools,1968,2016,Removed
TX,South,29.735327,-95.325354,Schools,1925,2016,Removed
TX,South,32.556075,-94.364812,Schools,1902,2017,Removed
TX,South,32.025608,-102.065671,Schools,1961,,Active
TX,South,32.011802,-102.12928,Schools,1961,,Active
TX,South,31.87059,-102.348208,Schools,1956,,Active
TX,South,31.901197,-100.486487,Schools,1927,,Active
TX,South,29.544048,-95.772942,Schools,1980,,Active
TX,South,31.450844,-100.470827,Schools,1949,,Active
TX,South,29.506308,-98.515418,Schools,1958,,Active
TX,South,29.372934,-98.517952,Schools,1924,,Active
TX,South,32.300745,-95.287378,Schools,1964,,Active
TX,South,32.273096,-95.284854,Schools,1930,,Active
TX,South,32.301109,-95.296943,Schools,1958,,Active
VA,South,38.887762,-77.109978,Schools,1925,,Active
VA,South,38.394933,-78.955749,Schools,1956,,Active
VA,South,36.597613,-82.206927,Schools,1948,,Active
VA,South,36.6108,-82.177986,Schools,1968,,Active
VA,South,39.249812,-78.102922,Schools,1997,,Active
VA,South,38.856436,-77.149725,Schools,1959,2019+,Removed
VA,South,38.227029,-77.45991,Schools,1977,,Active
VA,South,37.042249,-76.420577,Schools,1960,2018,Removed
VA,South,37.019864,-76.394165,Schools,1965,2018,Removed
VA,South,38.765156,", -77.50862",Schools,1962,,Active
VA,South,38.784814,-77.501075,Schools,1962,,Active
VA,South,37.612515,-77.340442,Schools,1959,,Active
VA,South,37.617775,-77.340833,Schools,1969,,Active
VA,South,37.205235,-77.415862,Schools,1915,2018,Removed
VA,South,37.213172,-77.431902,Schools,1924,2018,Removed
VA,South,37.233251,-77.371751,Schools,1911,2018,Removed
VA,South,38.704018,-78.663967,Schools,1959,,Active
VA,South,37.573741,-77.43574,Schools,1922,2018,Removed
VA,South,37.265844,-79.926478,Schools,1924,2018,Removed
VA,South,38.202885,-77.591016,Schools,1952,,Active
VA,South,38.779857,-77.169814,Schools,1958,,Active
VA,South,38.164968,-79.053537,Schools,1926,,Active
VA,South,36.641597,-80.276065,Schools,1938,,Active
WA,Not a State,47.427315,-120.291107,Schools,1955,,Active
WV,South,38.367818,-81.649542,Schools,1940,,Active